peptide	P1	P2	U1	U2	C1	C2
AELPDGTIVR	5827442.0	4163695.0	6514378.0	6831472.0		3899522.0
DAAFLNELQR	2605635.0	2808180.0	2278406.0	3513408.0		2866938.0
IFIDDISR	8350822.0		5082110.0	6908395.0	4957140.0	7847243.0
VVDLLAPYAK	1718705.0	1518244.0	2443477.0		1617214.0	1648315.0
TIAPALVSK	1148050.0	1101143.0		1119288.0	1716692.0	907904.0
GDVQEAINQLR	541769.0		880531.0	645352.0	538207.0	540320.0
FLNLSSTGTK	385932.0	394977.0	375704.0	277726.0	347601.0	
IGLAAQNTPVR	4103251.0		3910444.0	3356226.0	3547355.0	3864161.0
TTLSALGR	1192089.0	1584198.0		1462689.0	1601932.0	2493610.0
LSELDDR	331210.0	170710.0	239119.0	270797.0		310595.0
EALDQYVK	1646154.0	1237290.0	1202637.0	1672967.0	1286954.0	981359.0
GVLEIQAAK	389821.0	411227.0	585988.0	536258.0	615005.0	465074.0
TGVIAVIK	533741.0	599846.0	474822.0	575057.0	434760.0	468489.0
VDIVQDDER	1701607.0	1388255.0	2114356.0	1664720.0	1877856.0	2111068.0
